id;replicate;temperature;salinity;treatment;species;date;day;cells_per_ml;biovol_per_ml;counts;grid_count;magnification;grid area;biovolume
1;1;15;15;heterosigma;heterosigma;28.02.21;0;15591,60;7590614,54;183,00;6,00;200,00;0,25;486,84
2;2;15;15;heterosigma;heterosigma;28.02.21;0;13802,40;6719560,42;162,00;6,00;200,00;0,25;486,84
3;3;15;15;heterosigma;heterosigma;28.02.21;0;13887,60;6761039,18;163,00;6,00;200,00;0,25;486,84
4;4;15;15;heterosigma;heterosigma;28.02.21;0;16528,80;8046880,99;194,00;6,00;200,00;0,25;486,84
5;1;15;30;heterosigma;heterosigma;28.02.21;0;18147,60;8834977,58;213,00;6,00;200,00;0,25;486,84
6;2;15;30;heterosigma;heterosigma;28.02.21;0;12950,40;6304772,74;152,00;6,00;200,00;0,25;486,84
7;3;15;30;heterosigma;heterosigma;28.02.21;0;18744,00;9125328,96;220,00;6,00;200,00;0,25;486,84
8;4;15;30;heterosigma;heterosigma;28.02.21;0;14824,80;7217305,63;174,00;6,00;200,00;0,25;486,84
9;1;15;15;heterocapsa;heterocapsa;28.02.21;0;75316,80;8597412,72;221,00;6,00;400,00;0,06;114,15
10;2;15;15;heterocapsa;heterocapsa;28.02.21;0;75657,60;8636315,04;222,00;6,00;400,00;0,06;114,15
11;3;15;15;heterocapsa;heterocapsa;28.02.21;0;69864,00;7974975,60;205,00;6,00;400,00;0,06;114,15
12;4;15;15;heterocapsa;heterocapsa;28.02.21;0;82473,60;9414361,44;242,00;6,00;400,00;0,06;114,15
13;1;15;30;heterocapsa;heterocapsa;28.02.21;0;90993,60;10386919,44;267,00;6,00;400,00;0,06;114,15
14;2;15;30;heterocapsa;heterocapsa;28.02.21;0;81451,20;9297654,48;239,00;6,00;400,00;0,06;114,15
15;3;15;30;heterocapsa;heterocapsa;28.02.21;0;95764,80;10931551,92;281,00;6,00;400,00;0,06;114,15
16;4;15;30;heterocapsa;heterocapsa;28.02.21;0;100876,80;11515086,72;296,00;6,00;400,00;0,06;114,15
17;1;15;15;both;heterosigma;28.02.21;0;14654,40;7134348,10;172,00;6,00;200,00;0,25;486,84
17;1;15;15;both;heterocapsa;28.02.21;0;56572,80;6457785,12;664,00;6,00;200,00;0,25;114,15
18;2;15;15;both;heterosigma;28.02.21;0;16869,60;8212796,06;198,00;6,00;200,00;0,25;486,84
18;2;15;15;both;heterocapsa;28.02.21;0;62196,00;7099673,40;730,00;6,00;200,00;0,25;114,15
19;3;15;15;both;heterosigma;28.02.21;0;12950,40;6304772,74;152,00;6,00;200,00;0,25;486,84
19;3;15;15;both;heterocapsa;28.02.21;0;50182,80;5728366,62;589,00;6,00;200,00;0,25;114,15
20;4;15;15;both;heterosigma;28.02.21;0;13546,80;6595124,11;159,00;6,00;200,00;0,25;486,84
20;4;15;15;both;heterocapsa;28.02.21;0;61599,60;7031594,34;723,00;6,00;200,00;0,25;114,15
21;1;15;30;both;heterosigma;28.02.21;0;15506,40;7549135,78;182,00;6,00;200,00;0,25;486,84
21;1;15;30;both;heterocapsa;28.02.21;0;71653,20;8179212,78;841,00;6,00;200,00;0,25;114,15
22;2;15;30;both;heterosigma;28.02.21;0;14398,80;7009911,79;169,00;6,00;200,00;0,25;486,84
22;2;15;30;both;heterocapsa;28.02.21;0;72846,00;8315370,90;855,00;6,00;200,00;0,25;114,15
23;3;15;30;both;heterosigma;28.02.21;0;14228,40;6926954,26;167,00;6,00;200,00;0,25;486,84
23;3;15;30;both;heterocapsa;28.02.21;0;77958,00;8898905,70;915,00;6,00;200,00;0,25;114,15
24;4;15;30;both;heterosigma;28.02.21;0;11246,40;5475197,38;132,00;6,00;200,00;0,25;486,84
24;4;15;30;both;heterocapsa;28.02.21;0;89204,40;10182682,26;1047,00;6,00;200,00;0,25;114,15
25;1;22;15;heterosigma;heterosigma;28.02.21;0;17210,40;8378711,14;202,00;6,00;200,00;0,25;486,84
26;2;22;15;heterosigma;heterosigma;28.02.21;0;14398,80;7009911,79;169,00;6,00;200,00;0,25;486,84
27;3;22;15;heterosigma;heterosigma;28.02.21;0;18232,80;8876456,35;214,00;6,00;200,00;0,25;486,84
28;4;22;15;heterosigma;heterosigma;28.02.21;0;14654,40;7134348,10;172,00;6,00;200,00;0,25;486,84
29;1;22;30;heterosigma;heterosigma;28.02.21;0;11757,60;5724069,98;138,00;6,00;200,00;0,25;486,84
30;2;22;30;heterosigma;heterosigma;28.02.21;0;15847,20;7715050,85;186,00;6,00;200,00;0,25;486,84
31;3;22;30;heterosigma;heterosigma;28.02.21;0;14143,20;6885475,49;166,00;6,00;200,00;0,25;486,84
32;4;22;30;heterosigma;heterosigma;28.02.21;0;15762,00;7673572,08;185,00;6,00;200,00;0,25;486,84
33;1;22;15;heterocapsa;heterocapsa;28.02.21;0;82473,60;9414361,44;242,00;6,00;400,00;0,06;114,15
34;2;22;15;heterocapsa;heterocapsa;28.02.21;0;91334,40;10425821,76;268,00;6,00;400,00;0,06;114,15
35;3;22;15;heterocapsa;heterocapsa;28.02.21;0;82132,80;9375459,12;241,00;6,00;400,00;0,06;114,15
36;4;22;15;heterocapsa;heterocapsa;28.02.21;0;95424,00;10892649,60;280,00;6,00;400,00;0,06;114,15
37;1;22;30;heterocapsa;heterocapsa;28.02.21;0;128822,40;14705076,96;378,00;6,00;400,00;0,06;114,15
38;2;22;30;heterocapsa;heterocapsa;28.02.21;0;98491,20;11242770,48;289,00;6,00;400,00;0,06;114,15
39;3;22;30;heterocapsa;heterocapsa;28.02.21;0;96446,40;11009356,56;283,00;6,00;400,00;0,06;114,15
40;4;22;30;heterocapsa;heterocapsa;28.02.21;0;110078,40;12565449,36;323,00;6,00;400,00;0,06;114,15
41;1;22;15;both;heterosigma;28.02.21;0;14654,40;7134348,10;43,00;6,00;400,00;0,06;486,84
41;1;22;15;both;heterocapsa;28.02.21;0;80088,00;9142045,20;235,00;6,00;400,00;0,06;114,15
42;2;22;15;both;heterosigma;28.02.21;0;14654,40;7134348,10;43,00;6,00;400,00;0,06;486,84
42;2;22;15;both;heterocapsa;28.02.21;0;62707,20;7158026,88;184,00;6,00;400,00;0,06;114,15
43;3;22;15;both;heterosigma;28.02.21;0;16699,20;8129838,53;49,00;6,00;400,00;0,06;486,84
43;3;22;15;both;heterocapsa;28.02.21;0;66796,80;7624854,72;196,00;6,00;400,00;0,06;114,15
44;4;22;15;both;heterosigma;28.02.21;0;17721,60;8627583,74;52,00;6,00;400,00;0,06;486,84
44;4;22;15;both;heterocapsa;28.02.21;0;65774,40;7508147,76;193,00;6,00;400,00;0,06;114,15
45;1;22;30;both;heterosigma;28.02.21;0;11246,40;5475197,38;33,00;6,00;400,00;0,06;486,84
45;1;22;30;both;heterocapsa;28.02.21;0;90312,00;10309114,80;265,00;6,00;400,00;0,06;114,15
46;2;22;30;both;heterosigma;28.02.21;0;12609,60;6138857,66;37,00;6,00;400,00;0,06;486,84
46;2;22;30;both;heterocapsa;28.02.21;0;77702,40;8869728,96;228,00;6,00;400,00;0,06;114,15
47;3;22;30;both;heterosigma;28.02.21;0;13291,20;6470687,81;39,00;6,00;400,00;0,06;486,84
47;3;22;30;both;heterocapsa;28.02.21;0;82814,40;9453263,76;243,00;6,00;400,00;0,06;114,15
48;4;22;30;both;heterosigma;28.02.21;0;17380,80;8461668,67;51,00;6,00;400,00;0,06;486,84
48;4;22;30;both;heterocapsa;28.02.21;0;76339,20;8714119,68;224,00;6,00;400,00;0,06;114,15
1;1;15;15;heterosigma;heterosigma;01.03.21;1;19425,60;9457159,10;228;6,00;200,00;0,25;486,84
2;2;15;15;heterosigma;heterosigma;01.03.21;1;19510,80;9498637,87;229;6,00;200,00;0,25;486,84
3;3;15;15;heterosigma;heterosigma;01.03.21;1;25815,60;12568066,70;303;6,00;200,00;0,25;486,84
4;4;15;15;heterosigma;heterosigma;01.03.21;1;22322,40;10867437,22;262;6,00;200,00;0,25;486,84
5;1;15;30;heterosigma;heterosigma;01.03.21;1;15080,40;7341741,94;177;6,00;200,00;0,25;486,84
6;2;15;30;heterosigma;heterosigma;01.03.21;1;18488,40;9000892,66;217;6,00;200,00;0,25;486,84
7;3;15;30;heterosigma;heterosigma;01.03.21;1;16784,40;8171317,30;197;6,00;200,00;0,25;486,84
8;4;15;30;heterosigma;heterosigma;01.03.21;1;17210,40;8378711,14;202;6,00;200,00;0,25;486,84
9;1;15;15;heterocapsa;heterocapsa;01.03.21;1;76680,00;8753022,00;225;6,00;400,00;0,06;114,15
10;2;15;15;heterocapsa;heterocapsa;01.03.21;1;93379,20;10659235,68;274;6,00;400,00;0,06;114,15
11;3;15;15;heterocapsa;heterocapsa;01.03.21;1;90652,80;10348017,12;266;6,00;400,00;0,06;114,15
12;4;15;15;heterocapsa;heterocapsa;01.03.21;1;90993,60;10386919,44;267;6,00;400,00;0,06;114,15
13;1;15;30;heterocapsa;heterocapsa;01.03.21;1;89630,40;10231310,16;263;6,00;400,00;0,06;114,15
14;2;15;30;heterocapsa;heterocapsa;01.03.21;1;109396,80;12487644,72;321;6,00;400,00;0,06;114,15
15;3;15;30;heterocapsa;heterocapsa;01.03.21;1;102921,60;11748500,64;302;6,00;400,00;0,06;114,15
16;4;15;30;heterocapsa;heterocapsa;01.03.21;1;104284,80;11904109,92;306;6,00;400,00;0,06;114,15
17;1;15;15;both;heterosigma;01.03.21;1;15676,80;7632093,31;46,00;6,00;400,00;0,06;486,84
17;1;15;15;both;heterocapsa;01.03.21;1;79406,40;9064240,56;233,00;6,00;400,00;0,06;114,15
18;2;15;15;both;heterosigma;01.03.21;1;14654,40;7134348,10;43,00;6,00;400,00;0,06;486,84
18;2;15;15;both;heterocapsa;01.03.21;1;78043,20;8908631,28;229,00;6,00;400,00;0,06;114,15
19;3;15;15;both;heterosigma;01.03.21;1;13632,00;6636602,88;40,00;6,00;400,00;0,06;486,84
19;3;15;15;both;heterocapsa;01.03.21;1;78043,20;8908631,28;229,00;6,00;400,00;0,06;114,15
20;4;15;15;both;heterosigma;01.03.21;1;18403,20;8959413,89;54,00;6,00;400,00;0,06;486,84
20;4;15;15;both;heterocapsa;01.03.21;1;77361,60;8830826,64;227,00;6,00;400,00;0,06;114,15
21;1;15;30;both;heterosigma;01.03.21;1;9883,20;4811537,09;29,00;6,00;400,00;0,06;486,84
21;1;15;30;both;heterocapsa;01.03.21;1;106329,60;12137523,84;312,00;6,00;400,00;0,06;114,15
22;2;15;30;both;heterosigma;01.03.21;1;8860,80;4313791,87;26,00;6,00;400,00;0,06;486,84
22;2;15;30;both;heterocapsa;01.03.21;1;110419,20;12604351,68;324,00;6,00;400,00;0,06;114,15
23;3;15;30;both;heterosigma;01.03.21;1;12950,40;6304772,74;38,00;6,00;400,00;0,06;486,84
23;3;15;30;both;heterocapsa;01.03.21;1;109396,80;12487644,72;321,00;6,00;400,00;0,06;114,15
24;4;15;30;both;heterosigma;01.03.21;1;17040,00;8295753,60;50,00;6,00;400,00;0,06;486,84
24;4;15;30;both;heterocapsa;01.03.21;1;102240,00;11670696,00;300,00;6,00;400,00;0,06;114,15
25;1;22;15;heterosigma;heterosigma;01.03.21;1;27690,00;13480599,60;325;6,00;200,00;0,25;486,84
26;2;22;15;heterosigma;heterosigma;01.03.21;1;31353,60;15264186,62;368;6,00;200,00;0,25;486,84
27;3;22;15;heterosigma;heterosigma;01.03.21;1;19681,20;9581595,41;231;6,00;200,00;0,25;486,84
28;4;22;15;heterosigma;heterosigma;01.03.21;1;27434,40;13356163,30;322;6,00;200,00;0,25;486,84
29;1;22;30;heterosigma;heterosigma;01.03.21;1;24452,40;11904406,42;287,00;6,00;200,00;0,25;486,84
30;2;22;30;heterosigma;heterosigma;01.03.21;1;23600,40;11489618,74;277,00;6,00;200,00;0,25;486,84
31;3;22;30;heterosigma;heterosigma;01.03.21;1;18744,00;9125328,96;220,00;6,00;200,00;0,25;486,84
32;4;22;30;heterosigma;heterosigma;01.03.21;1;25560,00;12443630,40;300,00;6,00;200,00;0,25;486,84
33;1;22;15;heterocapsa;heterocapsa;01.03.21;1;96787,20;11048258,88;284,00;6,00;400,00;0,06;114,15
34;2;22;15;heterocapsa;heterocapsa;01.03.21;1;94742,40;10814844,96;278,00;6,00;400,00;0,06;114,15
35;3;22;15;heterocapsa;heterocapsa;01.03.21;1;119961,60;13693616,64;352,00;6,00;400,00;0,06;114,15
36;4;22;15;heterocapsa;heterocapsa;01.03.21;1;98491,20;11242770,48;289,00;6,00;400,00;0,06;114,15
37;1;22;30;heterocapsa;heterocapsa;01.03.21;1;108033,60;12332035,44;317,00;6,00;400,00;0,06;114,15
38;2;22;30;heterocapsa;heterocapsa;01.03.21;1;111782,40;12759960,96;328,00;6,00;400,00;0,06;114,15
39;3;22;30;heterocapsa;heterocapsa;01.03.21;1;109737,60;12526547,04;322,00;6,00;400,00;0,06;114,15
40;4;22;30;heterocapsa;heterocapsa;01.03.21;1;100876,80;11515086,72;296,00;6,00;400,00;0,06;114,15
41;1;22;15;both;heterosigma;01.03.21;1;20107,20;9788989,25;59,00;6,00;400,00;0,06;486,84
41;1;22;15;both;heterocapsa;01.03.21;1;75657,60;8636315,04;222,00;6,00;400,00;0,06;114,15
42;2;22;15;both;heterosigma;01.03.21;1;19766,40;9623074,18;58,00;6,00;400,00;0,06;486,84
42;2;22;15;both;heterocapsa;01.03.21;1;60321,60;6885710,64;177,00;6,00;400,00;0,06;114,15
43;3;22;15;both;heterosigma;01.03.21;1;25219,20;12277715,33;74,00;6,00;400,00;0,06;486,84
43;3;22;15;both;heterocapsa;01.03.21;1;62025,60;7080222,24;182,00;6,00;400,00;0,06;114,15
44;4;22;15;both;heterosigma;01.03.21;1;25560,00;12443630,40;75,00;6,00;400,00;0,06;486,84
44;4;22;15;both;heterocapsa;01.03.21;1;74635,20;8519608,08;219,00;6,00;400,00;0,06;114,15
45;1;22;30;both;heterosigma;01.03.21;1;23856,00;11614055,04;70,00;6,00;400,00;0,06;486,84
45;1;22;30;both;heterocapsa;01.03.21;1;85200,00;9725580,00;250,00;6,00;400,00;0,06;114,15
46;2;22;30;both;heterosigma;01.03.21;1;21811,20;10618564,61;64,00;6,00;400,00;0,06;486,84
46;2;22;30;both;heterocapsa;01.03.21;1;107692,80;12293133,12;316,00;6,00;400,00;0,06;114,15
47;3;22;30;both;heterosigma;01.03.21;1;20788,80;10120819,39;61,00;6,00;400,00;0,06;486,84
47;3;22;30;both;heterocapsa;01.03.21;1;96446,40;11009356,56;283,00;6,00;400,00;0,06;114,15
48;4;22;30;both;heterosigma;01.03.21;1;17380,80;8461668,67;51,00;6,00;400,00;0,06;486,84
48;4;22;30;both;heterocapsa;01.03.21;1;89630,40;10231310,16;263,00;6,00;400,00;0,06;114,15
1;1;15;15;heterosigma;heterosigma;02.03.21;2;33057,60;16093761,98;388,00;6,00;200,00;0,25;486,84
2;2;15;15;heterosigma;heterosigma;02.03.21;2;30075,60;14642005,10;353,00;6,00;200,00;0,25;486,84
3;3;15;15;heterosigma;heterosigma;02.03.21;2;30927,60;15056792,78;363,00;6,00;200,00;0,25;486,84
4;4;15;15;heterosigma;heterosigma;02.03.21;2;37828,80;18416572,99;444,00;6,00;200,00;0,25;486,84
5;1;15;30;heterosigma;heterosigma;02.03.21;2;29308,80;14268696,19;344,00;6,00;200,00;0,25;486,84
6;2;15;30;heterosigma;heterosigma;02.03.21;2;27434,40;13356163,30;322,00;6,00;200,00;0,25;486,84
7;3;15;30;heterosigma;heterosigma;02.03.21;2;21470,40;10452649,54;252,00;6,00;200,00;0,25;486,84
8;4;15;30;heterosigma;heterosigma;02.03.21;2;23770,80;11572576,27;279,00;6,00;200,00;0,25;486,84
9;1;15;15;heterocapsa;heterocapsa;02.03.21;2;140409,60;16027755,84;412,00;6,00;400,00;0,06;114,15
10;2;15;15;heterocapsa;heterocapsa;02.03.21;2;114849,60;13110081,84;337,00;6,00;400,00;0,06;114,15
11;3;15;15;heterocapsa;heterocapsa;02.03.21;2;188121,60;21474080,64;552,00;6,00;400,00;0,06;114,15
12;4;15;15;heterocapsa;heterocapsa;02.03.21;2;117916,80;13460202,72;346,00;6,00;400,00;0,06;114,15
13;1;15;30;heterocapsa;heterocapsa;02.03.21;2;166651,20;19023234,48;489,00;6,00;400,00;0,06;114,15
14;2;15;30;heterocapsa;heterocapsa;02.03.21;2;173808,00;19840183,20;510,00;6,00;400,00;0,06;114,15
15;3;15;30;heterocapsa;heterocapsa;02.03.21;2;151996,80;17350434,72;446,00;6,00;400,00;0,06;114,15
16;4;15;30;heterocapsa;heterocapsa;02.03.21;2;181987,20;20773838,88;534,00;6,00;400,00;0,06;114,15
17;1;15;15;both;heterosigma;02.03.21;2;20107,20;9788989,25;59,00;6,00;400,00;0,06;486,84
17;1;15;15;both;heterocapsa;02.03.21;2;114168,00;13032277,20;335,00;6,00;400,00;0,06;114,15
18;2;15;15;both;heterosigma;02.03.21;2;23174,40;11282224,90;68,00;6,00;400,00;0,06;486,84
18;2;15;15;both;heterocapsa;02.03.21;2;125414,40;14316053,76;368,00;6,00;400,00;0,06;114,15
19;3;15;15;both;heterosigma;02.03.21;2;21129,60;10286734,46;62,00;6,00;400,00;0,06;486,84
19;3;15;15;both;heterocapsa;02.03.21;2;118939,20;13576909,68;349,00;6,00;400,00;0,06;114,15
20;4;15;15;both;heterosigma;02.03.21;2;22152,00;10784479,68;65,00;6,00;400,00;0,06;486,84
20;4;15;15;both;heterocapsa;02.03.21;2;133593,60;15249709,44;392,00;6,00;400,00;0,06;114,15
21;1;15;30;both;heterosigma;02.03.21;2;28286,40;13770950,98;83,00;6,00;400,00;0,06;486,84
21;1;15;30;both;heterocapsa;02.03.21;2;196982,40;22485540,96;578,00;6,00;400,00;0,06;114,15
22;2;15;30;both;heterosigma;02.03.21;2;17380,80;8461668,67;51,00;6,00;400,00;0,06;486,84
22;2;15;30;both;heterocapsa;02.03.21;2;157108,80;17933969,52;461,00;6,00;400,00;0,06;114,15
23;3;15;30;both;heterosigma;02.03.21;2;15676,80;7632093,31;46,00;6,00;400,00;0,06;486,84
23;3;15;30;both;heterocapsa;02.03.21;2;225609,60;25753335,84;662,00;6,00;400,00;0,06;114,15
24;4;15;30;both;heterosigma;02.03.21;2;15676,80;7632093,31;46,00;6,00;400,00;0,06;486,84
24;4;15;30;both;heterocapsa;02.03.21;2;166310,40;18984332,16;488,00;6,00;400,00;0,06;114,15
25;1;22;15;heterosigma;heterosigma;02.03.21;2;54868,80;26712326,59;644,00;6,00;200,00;0,25;486,84
26;2;22;15;heterosigma;heterosigma;02.03.21;2;46604,40;22688886,10;547,00;6,00;200,00;0,25;486,84
27;3;22;15;heterosigma;heterosigma;02.03.21;2;47371,20;23062195,01;556,00;6,00;200,00;0,25;486,84
28;4;22;15;heterosigma;heterosigma;02.03.21;2;25304,40;12319194,10;297,00;6,00;200,00;0,25;486,84
29;1;22;30;heterosigma;heterosigma;02.03.21;2;31012,80;15098271,55;364,00;6,00;200,00;0,25;486,84
30;2;22;30;heterosigma;heterosigma;02.03.21;2;43878,00;21361565,52;515,00;6,00;200,00;0,25;486,84
31;3;22;30;heterosigma;heterosigma;02.03.21;2;45241,20;22025225,81;531,00;6,00;200,00;0,25;486,84
32;4;22;30;heterosigma;heterosigma;02.03.21;2;52483,20;25550921,09;616,00;6,00;200,00;0,25;486,84
33;1;22;15;heterocapsa;heterocapsa;02.03.21;2;125073,60;14277151,44;367,00;6,00;400,00;0,06;114,15
34;2;22;15;heterocapsa;heterocapsa;02.03.21;2;123710,40;14121542,16;363,00;6,00;400,00;0,06;114,15
35;3;22;15;heterocapsa;heterocapsa;02.03.21;2;123710,40;14121542,16;363,00;6,00;400,00;0,06;114,15
36;4;22;15;heterocapsa;heterocapsa;02.03.21;2;116894,40;13343495,76;343,00;6,00;400,00;0,06;114,15
37;1;22;30;heterocapsa;heterocapsa;02.03.21;2;222883,20;25442117,28;654,00;6,00;400,00;0,06;114,15
38;2;22;30;heterocapsa;heterocapsa;02.03.21;2;183350,40;20929448,16;538,00;6,00;400,00;0,06;114,15
39;3;22;30;heterocapsa;heterocapsa;02.03.21;2;193233,60;22057615,44;567,00;6,00;400,00;0,06;114,15
40;4;22;30;heterocapsa;heterocapsa;02.03.21;2;219134,40;25014191,76;643,00;6,00;400,00;0,06;114,15
41;1;22;15;both;heterosigma;02.03.21;2;30331,20;14766441,41;89,00;6,00;400,00;0,06;486,84
41;1;22;15;both;heterocapsa;02.03.21;2;79747,20;9103142,88;234,00;6,00;400,00;0,06;114,15
42;2;22;15;both;heterosigma;02.03.21;2;35784,00;17421082,56;105,00;6,00;400,00;0,06;486,84
42;2;22;15;both;heterocapsa;02.03.21;2;92016,00;10503626,40;270,00;6,00;400,00;0,06;114,15
43;3;22;15;both;heterosigma;02.03.21;2;28286,40;13770950,98;83,00;6,00;400,00;0,06;486,84
43;3;22;15;both;heterocapsa;02.03.21;2;82473,60;9414361,44;242,00;6,00;400,00;0,06;114,15
44;4;22;15;both;heterosigma;02.03.21;2;26241,60;12775460,54;77,00;6,00;400,00;0,06;486,84
44;4;22;15;both;heterocapsa;02.03.21;2;87585,60;9997896,24;257,00;6,00;400,00;0,06;114,15
45;1;22;30;both;heterosigma;02.03.21;2;23856,00;11614055,04;70,00;6,00;400,00;0,06;486,84
45;1;22;30;both;heterocapsa;02.03.21;2;153700,80;17544946,32;451,00;6,00;400,00;0,06;114,15
46;2;22;30;both;heterosigma;02.03.21;2;26923,20;13107290,69;79,00;6,00;400,00;0,06;486,84
46;2;22;30;both;heterocapsa;02.03.21;2;156086,40;17817262,56;458,00;6,00;400,00;0,06;114,15
47;3;22;30;both;heterosigma;02.03.21;2;28968,00;14102781,12;85,00;6,00;400,00;0,06;486,84
47;3;22;30;both;heterocapsa;02.03.21;2;174489,60;19917987,84;512,00;6,00;400,00;0,06;114,15
48;4;22;30;both;heterosigma;02.03.21;2;29308,80;14268696,19;86,00;6,00;400,00;0,06;486,84
48;4;22;30;both;heterocapsa;02.03.21;2;152678,40;17428239,36;448,00;6,00;400,00;0,06;114,15
1;1;15;15;heterosigma;heterosigma;03.03.21;3;52824,00;25716836,16;620,00;6,00;200,00;0,25;486,84
2;2;15;15;heterosigma;heterosigma;03.03.21;3;56572,80;27541901,95;664,00;6,00;200,00;0,25;486,84
3;3;15;15;heterosigma;heterosigma;03.03.21;3;61599,60;29989149,26;723,00;6,00;200,00;0,25;486,84
4;4;15;15;heterosigma;heterosigma;03.03.21;3;55720,80;27127114,27;654,00;6,00;200,00;0,25;486,84
5;1;15;30;heterosigma;heterosigma;03.03.21;3;43878,00;21361565,52;515,00;6,00;200,00;0,25;486,84
6;2;15;30;heterosigma;heterosigma;03.03.21;3;46860,00;22813322,40;550,00;6,00;200,00;0,25;486,84
7;3;15;30;heterosigma;heterosigma;03.03.21;3;41492,40;20200160,02;487,00;6,00;200,00;0,25;486,84
8;4;15;30;heterosigma;heterosigma;03.03.21;3;49927,20;24306558,05;586,00;6,00;200,00;0,25;486,84
9;1;15;15;heterocapsa;heterocapsa;03.03.21;3;170400,00;19451160,00;500,00;6,00;400,00;0,06;114,15
10;2;15;15;heterocapsa;heterocapsa;03.03.21;3;169718,40;19373355,36;498,00;6,00;400,00;0,06;114,15
11;3;15;15;heterocapsa;heterocapsa;03.03.21;3;150633,60;17194825,44;442,00;6,00;400,00;0,06;114,15
12;4;15;15;heterocapsa;heterocapsa;03.03.21;3;157449,60;17972871,84;462,00;6,00;400,00;0,06;114,15
13;1;15;30;heterocapsa;heterocapsa;03.03.21;3;218793,60;24975289,44;642,00;6,00;400,00;0,06;114,15
14;2;15;30;heterocapsa;heterocapsa;03.03.21;3;230721,60;26336870,64;677,00;6,00;400,00;0,06;114,15
15;3;15;30;heterocapsa;heterocapsa;03.03.21;3;257304,00;29371251,60;755,00;6,00;400,00;0,06;114,15
16;4;15;30;heterocapsa;heterocapsa;03.03.21;3;227995,20;26025652,08;669,00;6,00;400,00;0,06;114,15
17;1;15;15;both;heterosigma;03.03.21;3;23515,20;11448139,97;69,00;6,00;400,00;0,06;486,84
17;1;15;15;both;heterocapsa;03.03.21;3;161198,40;18400797,36;473,00;6,00;400,00;0,06;114,15
18;2;15;15;both;heterosigma;03.03.21;3;21811,20;10618564,61;64,00;6,00;400,00;0,06;486,84
18;2;15;15;both;heterocapsa;03.03.21;3;153360,00;17506044,00;450,00;6,00;400,00;0,06;114,15
19;3;15;15;both;heterosigma;03.03.21;3;28286,40;13770950,98;83,00;6,00;400,00;0,06;486,84
19;3;15;15;both;heterocapsa;03.03.21;3;121665,60;13888128,24;357,00;6,00;400,00;0,06;114,15
20;4;15;15;both;heterosigma;03.03.21;3;18062,40;8793498,82;53,00;6,00;400,00;0,06;486,84
20;4;15;15;both;heterocapsa;03.03.21;3;103603,20;11826305,28;304,00;6,00;400,00;0,06;114,15
21;1;15;30;both;heterosigma;03.03.21;3;25900,80;12609545,47;76,00;6,00;400,00;0,06;486,84
21;1;15;30;both;heterocapsa;03.03.21;3;227995,20;26025652,08;669,00;6,00;400,00;0,06;114,15
22;2;15;30;both;heterosigma;03.03.21;3;20788,80;10120819,39;61,00;6,00;400,00;0,06;486,84
22;2;15;30;both;heterocapsa;03.03.21;3;190848,00;21785299,20;560,00;6,00;400,00;0,06;114,15
23;3;15;30;both;heterosigma;03.03.21;3;25900,80;12609545,47;76,00;6,00;400,00;0,06;486,84
23;3;15;30;both;heterocapsa;03.03.21;3;234470,40;26764796,16;688,00;6,00;400,00;0,06;114,15
24;4;15;30;both;heterosigma;03.03.21;3;18744,00;9125328,96;55,00;6,00;400,00;0,06;486,84
24;4;15;30;both;heterocapsa;03.03.21;3;245376,00;28009670,40;720,00;6,00;400,00;0,06;114,15
25;1;22;15;heterosigma;heterosigma;03.03.21;3;70545,60;34344419,90;207,00;6,00;400,00;0,06;486,84
26;2;22;15;heterosigma;heterosigma;03.03.21;3;98491,20;47949455,81;289,00;6,00;400,00;0,06;486,84
27;3;22;15;heterosigma;heterosigma;03.03.21;3;87244,80;42474258,43;256,00;6,00;400,00;0,06;486,84
28;4;22;15;heterosigma;heterosigma;03.03.21;3;86222,40;41976513,22;253,00;6,00;400,00;0,06;486,84
29;1;22;30;heterosigma;heterosigma;03.03.21;3;62707,20;30528373,25;184,00;6,00;400,00;0,06;486,84
30;2;22;30;heterosigma;heterosigma;03.03.21;3;81110,40;39487787,14;238,00;6,00;400,00;0,06;486,84
31;3;22;30;heterosigma;heterosigma;03.03.21;3;72249,60;35173995,26;212,00;6,00;400,00;0,06;486,84
32;4;22;30;heterosigma;heterosigma;03.03.21;3;78384,00;38160466,56;230,00;6,00;400,00;0,06;486,84
33;1;22;15;heterocapsa;heterocapsa;03.03.21;3;134275,20;15327514,08;394,00;6,00;400,00;0,06;114,15
34;2;22;15;heterocapsa;heterocapsa;03.03.21;3;75316,80;8597412,72;221,00;6,00;400,00;0,06;114,15
35;3;22;15;heterocapsa;heterocapsa;03.03.21;3;104284,80;11904109,92;306,00;6,00;400,00;0,06;114,15
36;4;22;15;heterocapsa;heterocapsa;03.03.21;3;80769,60;9219849,84;237,00;6,00;400,00;0,06;114,15
37;1;22;30;heterocapsa;heterocapsa;03.03.21;3;227654,40;25986749,76;668,00;6,00;400,00;0,06;114,15
38;2;22;30;heterocapsa;heterocapsa;03.03.21;3;174148,80;19879085,52;511,00;6,00;400,00;0,06;114,15
39;3;22;30;heterocapsa;heterocapsa;03.03.21;3;172104,00;19645671,60;505,00;6,00;400,00;0,06;114,15
40;4;22;30;heterocapsa;heterocapsa;03.03.21;3;147225,60;16805802,24;432,00;6,00;400,00;0,06;114,15
41;1;22;15;both;heterosigma;03.03.21;3;40214,40;19577978,50;118,00;6,00;400,00;0,06;486,84
41;1;22;15;both;heterocapsa;03.03.21;3;86222,40;9842286,96;253,00;6,00;400,00;0,06;114,15
42;2;22;15;both;heterosigma;03.03.21;3;66456,00;32353439,04;195,00;6,00;400,00;0,06;486,84
42;2;22;15;both;heterocapsa;03.03.21;3;67478,40;7702659,36;198,00;6,00;400,00;0,06;114,15
43;3;22;15;both;heterosigma;03.03.21;3;43963,20;21403044,29;129,00;6,00;400,00;0,06;486,84
43;3;22;15;both;heterocapsa;03.03.21;3;75316,80;8597412,72;221,00;6,00;400,00;0,06;114,15
44;4;22;15;both;heterosigma;03.03.21;3;45667,20;22232619,65;134,00;6,00;400,00;0,06;486,84
44;4;22;15;both;heterocapsa;03.03.21;3;89971,20;10270212,48;264,00;6,00;400,00;0,06;114,15
45;1;22;30;both;heterosigma;03.03.21;3;40896,00;19909808,64;120,00;6,00;400,00;0,06;486,84
45;1;22;30;both;heterocapsa;03.03.21;3;181305,60;20696034,24;532,00;6,00;400,00;0,06;114,15
46;2;22;30;both;heterosigma;03.03.21;3;39873,60;19412063,42;117,00;6,00;400,00;0,06;486,84
46;2;22;30;both;heterocapsa;03.03.21;3;211977,60;24197243,04;622,00;6,00;400,00;0,06;114,15
47;3;22;30;both;heterosigma;03.03.21;3;33057,60;16093761,98;97,00;6,00;400,00;0,06;486,84
47;3;22;30;both;heterocapsa;03.03.21;3;213340,80;24352852,32;626,00;6,00;400,00;0,06;114,15
48;4;22;30;both;heterosigma;03.03.21;3;37488,00;18250657,92;110,00;6,00;400,00;0,06;486,84
48;4;22;30;both;heterocapsa;03.03.21;3;221520,00;25286508,00;650,00;6,00;400,00;0,06;114,15
1;1;15;15;heterosigma;heterosigma;04.03.21;4;109737,60;53424653,18;322,00;6,00;400,00;0,06;486,84
2;2;15;15;heterosigma;heterosigma;04.03.21;4;67478,40;32851184,26;198,00;6,00;400,00;0,06;486,84
3;3;15;15;heterosigma;heterosigma;04.03.21;4;107011,20;52097332,61;314,00;6,00;400,00;0,06;486,84
4;4;15;15;heterosigma;heterosigma;04.03.21;4;61344,00;29864712,96;180,00;6,00;400,00;0,06;486,84
5;1;15;30;heterosigma;heterosigma;04.03.21;4;74294,40;36169485,70;218,00;6,00;400,00;0,06;486,84
6;2;15;30;heterosigma;heterosigma;04.03.21;4;85881,60;41810598,14;252,00;6,00;400,00;0,06;486,84
7;3;15;30;heterosigma;heterosigma;04.03.21;4;77702,40;37828636,42;228,00;6,00;400,00;0,06;486,84
8;4;15;30;heterosigma;heterosigma;04.03.21;4;73612,80;35837655,55;216,00;6,00;400,00;0,06;486,84
9;1;15;15;heterocapsa;heterocapsa;04.03.21;4;294110,40;33572702,16;863,00;6,00;400,00;0,06;114,15
10;2;15;15;heterocapsa;heterocapsa;04.03.21;4;244012,80;27854061,12;716,00;6,00;400,00;0,06;114,15
11;3;15;15;heterocapsa;heterocapsa;04.03.21;4;276048,00;31510879,20;810,00;6,00;400,00;0,06;114,15
12;4;15;15;heterocapsa;heterocapsa;04.03.21;4;265824,00;30343809,60;780,00;6,00;400,00;0,06;114,15
13;1;15;30;heterocapsa;heterocapsa;04.03.21;4;438609,60;50067285,84;1287,00;6,00;400,00;0,06;114,15
14;2;15;30;heterocapsa;heterocapsa;04.03.21;4;402825,60;45982542,24;1182,00;6,00;400,00;0,06;114,15
15;3;15;30;heterocapsa;heterocapsa;04.03.21;4;404529,60;46177053,84;1187,00;6,00;400,00;0,06;114,15
16;4;15;30;heterocapsa;heterocapsa;04.03.21;4;369427,20;42170114,88;1084,00;6,00;400,00;0,06;114,15
17;1;15;15;both;heterosigma;04.03.21;4;38169,60;18582488,06;112,00;6,00;400,00;0,06;486,84
17;1;15;15;both;heterocapsa;04.03.21;4;252873,60;28865521,44;742,00;6,00;400,00;0,06;114,15
18;2;15;15;both;heterosigma;04.03.21;4;24196,80;11779970,11;71,00;6,00;400,00;0,06;486,84
18;2;15;15;both;heterocapsa;04.03.21;4;239923,20;27387233,28;704,00;6,00;400,00;0,06;114,15
19;3;15;15;both;heterosigma;04.03.21;4;40896,00;19909808,64;120,00;6,00;400,00;0,06;486,84
19;3;15;15;both;heterocapsa;04.03.21;4;234470,40;26764796,16;688,00;6,00;400,00;0,06;114,15
20;4;15;15;both;heterosigma;04.03.21;4;35102,40;17089252,42;103,00;6,00;400,00;0,06;486,84
20;4;15;15;both;heterocapsa;04.03.21;4;200390,40;22874564,16;588,00;6,00;400,00;0,06;114,15
21;1;15;30;both;heterosigma;04.03.21;4;33057,60;16093761,98;97,00;6,00;400,00;0,06;486,84
21;1;15;30;both;heterocapsa;04.03.21;4;326827,20;37307324,88;959,00;6,00;400,00;0,06;114,15
22;2;15;30;both;heterosigma;04.03.21;4;38169,60;18582488,06;112,00;6,00;400,00;0,06;486,84
22;2;15;30;both;heterocapsa;04.03.21;4;392942,40;44854374,96;1153,00;6,00;400,00;0,06;114,15
23;3;15;30;both;heterosigma;04.03.21;4;40214,40;19577978,50;118,00;6,00;400,00;0,06;486,84
23;3;15;30;both;heterocapsa;04.03.21;4;333643,20;38085371,28;979,00;6,00;400,00;0,06;114,15
24;4;15;30;both;heterosigma;04.03.21;4;25560,00;12443630,40;75,00;6,00;400,00;0,06;486,84
24;4;15;30;both;heterocapsa;04.03.21;4;446107,20;50923136,88;1309,00;6,00;400,00;0,06;114,15
25;1;22;15;heterosigma;heterosigma;04.03.21;4;142795,20;69518415,17;419,00;6,00;400,00;0,06;486,84
26;2;22;15;heterosigma;heterosigma;04.03.21;4;122347,20;59563510,85;359,00;6,00;400,00;0,06;486,84
27;3;22;15;heterosigma;heterosigma;04.03.21;4;80769,60;39321872,06;237,00;6,00;400,00;0,06;486,84
28;4;22;15;heterosigma;heterosigma;04.03.21;4;144158,40;70182075,46;423,00;6,00;400,00;0,06;486,84
29;1;22;30;heterosigma;heterosigma;04.03.21;4;138024,00;67195604,16;405,00;6,00;400,00;0,06;486,84
30;2;22;30;heterosigma;heterosigma;04.03.21;4;99854,40;48613116,10;293,00;6,00;400,00;0,06;486,84
31;3;22;30;heterosigma;heterosigma;04.03.21;4;114849,60;55913379,26;337,00;6,00;400,00;0,06;486,84
32;4;22;30;heterosigma;heterosigma;04.03.21;4;105988,80;51599587,39;311,00;6,00;400,00;0,06;486,84
33;1;22;15;heterocapsa;heterocapsa;04.03.21;4;140068,80;15988853,52;411,00;6,00;400,00;0,06;114,15
34;2;22;15;heterocapsa;heterocapsa;04.03.21;4;94742,40;10814844,96;278,00;6,00;400,00;0,06;114,15
35;3;22;15;heterocapsa;heterocapsa;04.03.21;4;149270,40;17039216,16;438,00;6,00;400,00;0,06;114,15
36;4;22;15;heterocapsa;heterocapsa;04.03.21;4;94060,80;10737040,32;276,00;6,00;400,00;0,06;114,15
37;1;22;30;heterocapsa;heterocapsa;04.03.21;4;242990,40;27737354,16;713,00;6,00;400,00;0,06;114,15
38;2;22;30;heterocapsa;heterocapsa;04.03.21;4;186758,40;21318471,36;548,00;6,00;400,00;0,06;114,15
39;3;22;30;heterocapsa;heterocapsa;04.03.21;4;249124,80;28437595,92;731,00;6,00;400,00;0,06;114,15
40;4;22;30;heterocapsa;heterocapsa;04.03.21;4;199368,00;22757857,20;585,00;6,00;400,00;0,06;114,15
41;1;22;15;both;heterosigma;04.03.21;4;44304,00;21568959,36;130,00;6,00;400,00;0,06;486,84
41;1;22;15;both;heterocapsa;04.03.21;4;61684,80;7041319,92;181,00;6,00;400,00;0,06;114,15
42;2;22;15;both;heterosigma;04.03.21;4;65092,80;31689778,75;191,00;6,00;400,00;0,06;486,84
42;2;22;15;both;heterocapsa;04.03.21;4;68841,60;7858268,64;202,00;6,00;400,00;0,06;114,15
43;3;22;15;both;heterosigma;04.03.21;4;66115,20;32187523,97;194,00;6,00;400,00;0,06;486,84
43;3;22;15;both;heterocapsa;04.03.21;4;81451,20;9297654,48;239,00;6,00;400,00;0,06;114,15
44;4;22;15;both;heterosigma;04.03.21;4;58617,60;28537392,38;172,00;6,00;400,00;0,06;486,84
44;4;22;15;both;heterocapsa;04.03.21;4;113486,40;12954472,56;333,00;6,00;400,00;0,06;114,15
45;1;22;30;both;heterosigma;04.03.21;4;32716,80;15927846,91;96,00;6,00;400,00;0,06;486,84
45;1;22;30;both;heterocapsa;04.03.21;4;211296,00;24119438,40;620,00;6,00;400,00;0,06;114,15
46;2;22;30;both;heterosigma;04.03.21;4;52142,40;25385006,02;153,00;6,00;400,00;0,06;486,84
46;2;22;30;both;heterocapsa;04.03.21;4;193233,60;22057615,44;567,00;6,00;400,00;0,06;114,15
47;3;22;30;both;heterosigma;04.03.21;4;47371,20;23062195,01;139,00;6,00;400,00;0,06;486,84
47;3;22;30;both;heterocapsa;04.03.21;4;163924,80;18712015,92;481,00;6,00;400,00;0,06;114,15
48;4;22;30;both;heterosigma;04.03.21;4;44644,80;21734874,43;131,00;6,00;400,00;0,06;486,84
48;4;22;30;both;heterocapsa;04.03.21;4;225609,60;25753335,84;662,00;6,00;400,00;0,06;114,15
1;1;15;15;heterosigma;heterosigma;05.03.21;5;93720,00;45626644,80;275,00;6,00;400,00;0,06;486,84
2;2;15;15;heterosigma;heterosigma;05.03.21;5;111782,40;54420143,62;328,00;6,00;400,00;0,06;486,84
3;3;15;15;heterosigma;heterosigma;05.03.21;5;127800,00;62218152,00;375,00;6,00;400,00;0,06;486,84
4;4;15;15;heterosigma;heterosigma;05.03.21;5;111782,40;54420143,62;328,00;6,00;400,00;0,06;486,84
5;1;15;30;heterosigma;heterosigma;05.03.21;5;93720,00;45626644,80;275,00;6,00;400,00;0,06;486,84
6;2;15;30;heterosigma;heterosigma;05.03.21;5;126096,00;61388576,64;370,00;6,00;400,00;0,06;486,84
7;3;15;30;heterosigma;heterosigma;05.03.21;5;103603,20;50438181,89;304,00;6,00;400,00;0,06;486,84
8;4;15;30;heterosigma;heterosigma;05.03.21;5;98150,40;47783540,74;288,00;6,00;400,00;0,06;486,84
9;1;15;15;heterocapsa;heterocapsa;05.03.21;5;338755,20;38668906,08;994,00;6,00;400,00;0,06;114,15
10;2;15;15;heterocapsa;heterocapsa;05.03.21;5;337051,20;38474394,48;989,00;6,00;400,00;0,06;114,15
11;3;15;15;heterocapsa;heterocapsa;05.03.21;5;362611,20;41392068,48;1064,00;6,00;400,00;0,06;114,15
12;4;15;15;heterocapsa;heterocapsa;05.03.21;5;318988,80;36412571,52;936,00;6,00;400,00;0,06;114,15
13;1;15;30;heterocapsa;heterocapsa;05.03.21;5;512904,00;58547991,60;1505,00;6,00;400,00;0,06;114,15
14;2;15;30;heterocapsa;heterocapsa;05.03.21;5;507792,00;57964456,80;1490,00;6,00;400,00;0,06;114,15
15;3;15;30;heterocapsa;heterocapsa;05.03.21;5;497908,80;56836289,52;1461,00;6,00;400,00;0,06;114,15
16;4;15;30;heterocapsa;heterocapsa;05.03.21;5;497568,00;56797387,20;1460,00;6,00;400,00;0,06;114,15
17;1;15;15;both;heterosigma;05.03.21;5;45667,20;22232619,65;134,00;6,00;400,00;0,06;486,84
17;1;15;15;both;heterocapsa;05.03.21;5;261734,40;29876981,76;768,00;6,00;400,00;0,06;114,15
18;2;15;15;both;heterosigma;05.03.21;5;47371,20;23062195,01;139,00;6,00;400,00;0,06;486,84
18;2;15;15;both;heterocapsa;05.03.21;5;280478,40;32016609,36;823,00;6,00;400,00;0,06;114,15
19;3;15;15;both;heterosigma;05.03.21;5;64752,00;31523863,68;190,00;6,00;400,00;0,06;486,84
19;3;15;15;both;heterocapsa;05.03.21;5;237537,60;27114917,04;697,00;6,00;400,00;0,06;114,15
20;4;15;15;both;heterosigma;05.03.21;5;38169,60;18582488,06;112,00;6,00;400,00;0,06;486,84
20;4;15;15;both;heterocapsa;05.03.21;5;262416,00;29954786,40;770,00;6,00;400,00;0,06;114,15
21;1;15;30;both;heterosigma;05.03.21;5;26923,20;13107290,69;79,00;6,00;400,00;0,06;486,84
21;1;15;30;both;heterocapsa;05.03.21;5;379992,00;43376086,80;1115,00;6,00;400,00;0,06;114,15
22;2;15;30;both;heterosigma;05.03.21;5;31353,60;15264186,62;92,00;6,00;400,00;0,06;486,84
22;2;15;30;both;heterocapsa;05.03.21;5;420547,20;48005462,88;1234,00;6,00;400,00;0,06;114,15
23;3;15;30;both;heterosigma;05.03.21;5;29990,40;14600526,34;88,00;6,00;400,00;0,06;486,84
23;3;15;30;both;heterocapsa;05.03.21;5;384081,60;43842914,64;1127,00;6,00;400,00;0,06;114,15
24;4;15;30;both;heterosigma;05.03.21;5;64752,00;31523863,68;190,00;6,00;400,00;0,06;486,84
24;4;15;30;both;heterocapsa;05.03.21;5;391920,00;44737668,00;1150,00;6,00;400,00;0,06;114,15
25;1;22;15;heterosigma;heterosigma;05.03.21;5;164265,60;79971064,70;482,00;6,00;400,00;0,06;486,84
26;2;22;15;heterosigma;heterosigma;05.03.21;5;163243,20;79473319,49;479,00;6,00;400,00;0,06;486,84
27;3;22;15;heterosigma;heterosigma;05.03.21;5;193233,60;94073845,82;567,00;6,00;400,00;0,06;486,84
28;4;22;15;heterosigma;heterosigma;05.03.21;5;166651,20;81132470,21;489,00;6,00;400,00;0,06;486,84
29;1;22;30;heterosigma;heterosigma;05.03.21;5;137342,40;66863774,02;403,00;6,00;400,00;0,06;486,84
30;2;22;30;heterosigma;heterosigma;05.03.21;5;133934,40;65204623,30;393,00;6,00;400,00;0,06;486,84
31;3;22;30;heterosigma;heterosigma;05.03.21;5;149952,00;73002631,68;440,00;6,00;400,00;0,06;486,84
32;4;22;30;heterosigma;heterosigma;05.03.21;5;151315,20;73666291,97;444,00;6,00;400,00;0,06;486,84
33;1;22;15;heterocapsa;heterocapsa;05.03.21;5;81110,40;9258752,16;238,00;6,00;400,00;0,06;114,15
34;2;22;15;heterocapsa;heterocapsa;05.03.21;5;33398,40;3812427,36;98,00;6,00;400,00;0,06;114,15
35;3;22;15;heterocapsa;heterocapsa;05.03.21;5;68500,80;7819366,32;201,00;6,00;400,00;0,06;114,15
36;4;22;15;heterocapsa;heterocapsa;05.03.21;5;38510,40;4395962,16;113,00;6,00;400,00;0,06;114,15
37;1;22;30;heterocapsa;heterocapsa;05.03.21;5;215726,40;24625168,56;633,00;6,00;400,00;0,06;114,15
38;2;22;30;heterocapsa;heterocapsa;05.03.21;5;123710,40;14121542,16;363,00;6,00;400,00;0,06;114,15
39;3;22;30;heterocapsa;heterocapsa;05.03.21;5;199027,20;22718954,88;584,00;6,00;400,00;0,06;114,15
40;4;22;30;heterocapsa;heterocapsa;05.03.21;5;174489,60;19917987,84;512,00;6,00;400,00;0,06;114,15
41;1;22;15;both;heterosigma;05.03.21;5;37488,00;18250657,92;110,00;6,00;400,00;0,06;486,84
41;1;22;15;both;heterocapsa;05.03.21;5;25219,20;2878771,68;74,00;6,00;400,00;0,06;114,15
42;2;22;15;both;heterosigma;05.03.21;5;65092,80;31689778,75;191,00;6,00;400,00;0,06;486,84
42;2;22;15;both;heterocapsa;05.03.21;5;38169,60;4357059,84;112,00;6,00;400,00;0,06;114,15
43;3;22;15;both;heterosigma;05.03.21;5;38169,60;18582488,06;112,00;6,00;400,00;0,06;486,84
43;3;22;15;both;heterocapsa;05.03.21;5;48393,60;5524129,44;142,00;6,00;400,00;0,06;114,15
44;4;22;15;both;heterosigma;05.03.21;5;82132,80;39985532,35;241,00;6,00;400,00;0,06;486,84
44;4;22;15;both;heterocapsa;05.03.21;5;63048,00;7196929,20;185,00;6,00;400,00;0,06;114,15
45;1;22;30;both;heterosigma;05.03.21;5;49756,80;24223600,51;146,00;6,00;400,00;0,06;486,84
45;1;22;30;both;heterocapsa;05.03.21;5;132230,40;15094100,16;388,00;6,00;400,00;0,06;114,15
46;2;22;30;both;heterosigma;05.03.21;5;67478,40;32851184,26;198,00;6,00;400,00;0,06;486,84
46;2;22;30;both;heterocapsa;05.03.21;5;161539,20;18439699,68;474,00;6,00;400,00;0,06;114,15
47;3;22;30;both;heterosigma;05.03.21;5;58958,40;28703307,46;173,00;6,00;400,00;0,06;486,84
47;3;22;30;both;heterocapsa;05.03.21;5;162902,40;18595308,96;478,00;6,00;400,00;0,06;114,15
48;4;22;30;both;heterosigma;05.03.21;5;76680,00;37330891,20;225,00;6,00;400,00;0,06;486,84
48;4;22;30;both;heterocapsa;05.03.21;5;185395,20;21162862,08;544,00;6,00;400,00;0,06;114,15
;;;;;;;;;;;;;;